MaxReturn,LossAfter,MeanKLBefore,dLoss,NumTrajs,Iteration,AverageDiscountedReturn,MinReturn,StdReturn,LossBefore,Entropy,AveragePolicyStd,Perplexity,MeanKL,ExplainedVariance,AverageReturn
-770.041894296,-0.00128534937673,0.00125454809263,0.00310915663445,14,0,-1474.62595689,-10797.7306692,2698.78147683,0.00182380725772,1.4189385332,1.0,4.13273135412,0.00604545082283,1.66533453694e-14,-3059.9112839
-673.385338062,-0.00508896654365,0.00106802773904,0.00383760068583,12,1,-1434.45730868,-9246.59434613,2483.46204695,-0.00125136585782,1.39284753682,0.974246432673,4.02629877895,0.00782609031689,0.338558117028,-2948.92209869
-802.22726346,-0.00495432529094,0.000517066128939,0.0045925287778,13,2,-1299.0250885,-15640.892861,4092.55877866,-0.000361796513146,1.38712680184,0.968688938657,4.00333114918,0.00583641406811,0.21231578631,-4524.9009154
-672.939054736,-0.00210854767151,0.000382757123059,0.00219927077187,16,3,-919.745832356,-5535.00325308,1484.32128418,9.07231003614e-05,1.38746388938,0.969015526669,4.0046808497,0.00966661854066,-0.31960697957,-1861.73965339
-732.485631572,-7.17220678537e-06,0.000503074811183,0.0,21,4,-1165.45736995,-6482.87032635,1384.90678935,-7.17220678537e-06,1.38165303442,0.963401046256,3.98147771045,0.000503074811183,0.460086882144,-1743.04348057
-721.975227233,-0.0077313308155,0.000466377100573,0.00720831808205,14,5,-2641.42160975,-29406.9270028,7778.44832796,-0.000523012733458,1.38165303442,0.963401046256,3.98147771045,0.00912812253301,0.41399638241,-5351.90053154
-616.628510494,-0.00635516410408,0.00057946638582,0.00694648156494,17,6,-1463.55979774,-16251.7572044,4389.87491394,0.000591317460857,1.38409549012,0.965756986599,3.99121417898,0.00566359638181,0.238877503655,-3421.81581218
-637.868447395,-0.00729326891317,0.000693653056196,0.00772033487425,12,7,-3097.48867874,-17312.542549,4975.3761337,0.000427065961085,1.37100814615,0.953200139836,3.93932010465,0.00780187061246,0.490961301128,-5963.23609179
-644.915117478,-0.00835293915208,0.000503451683833,0.00821806133428,13,8,-1808.73266585,-12621.6090157,3187.91609939,-0.000134877817801,1.35749942029,0.940410202834,3.88646273099,0.00761389625947,0.446390090558,-3191.8249611
-645.683538648,-0.00794796158569,0.00127729803253,0.00756495078326,17,9,-1578.94907729,-15670.7202387,3495.03061568,-0.000383010802425,1.34331444861,0.927164676538,3.83172252917,0.00921040130861,0.557076423234,-2935.88008646
-630.368277275,-0.0103330804132,0.000889809543919,0.0101677845504,12,10,-1656.8586972,-13908.3146264,3482.84579428,-0.00016529586288,1.34176969373,0.925733540048,3.82580802652,0.00783443859851,0.512142992908,-3347.59055774
-916.711540781,-0.0162311567763,0.000886113524532,0.0159506940846,12,11,-1498.60548759,-10302.8687097,2437.46579823,-0.000280462691746,1.33715593274,0.921472264563,3.80819731971,0.00958345656264,0.52164662582,-2772.31290623
-754.477750933,-0.0121020881842,0.000772917603349,0.0103403466908,11,12,-3259.48938687,-24139.5832954,7985.46831362,-0.00176174149339,1.33060898453,0.915459138662,3.78334668577,0.00739085534357,0.530105707018,-7032.88099896
-1010.37080196,-0.00216004380827,0.000834748838047,0.00493253317003,9,13,-3038.20141621,-13109.8599096,4245.32237116,0.00277248936176,1.3367991802,0.921143585629,3.80683897798,0.0098099374813,0.303545028332,-6111.48430564
-1146.10656121,-0.00743474531408,0.000669935136542,0.00753020930958,8,14,-3407.86252205,-13307.3685994,4737.05696277,9.54639955038e-05,1.34114132122,0.925152017259,3.82340474906,0.00699732946573,0.60951746941,-7301.53917371
-546.292750855,-0.0116928957187,0.0009391760411,0.0107831080364,10,15,-1865.18904657,-9811.81161617,2887.35237148,-0.000909787682326,1.35331309566,0.936481569446,3.87022674461,0.00882936075238,0.099449720299,-3344.77379139
-1020.24679177,-0.0130338879716,0.00126418163056,0.0139049732754,11,16,-2798.71000715,-12618.2370549,3702.32847941,0.000871085303832,1.3470645535,0.930648168979,3.8461188676,0.00693000697202,0.534715465914,-5118.95937689
-624.05808807,-0.0121567476146,0.00137179835771,0.0118741017496,12,17,-1887.84957369,-7278.90506854,2225.32078555,-0.000282645865089,1.34873012822,0.932199524632,3.85253020374,0.00824323359047,0.500003434327,-3332.87426938
-821.980037864,-0.01039171267,0.00113915814007,0.00926542959373,12,18,-1958.26192262,-10678.6845297,3432.28464429,-0.00112628307623,1.35900953179,0.941831399909,3.8923361567,0.00740408531526,0.582474122061,-4126.50831828
-992.080249336,-0.00815574543973,0.00158591051274,0.0100119382876,11,19,-2406.23109279,-13225.586129,3978.53519608,0.00185619284786,1.36545805546,0.947924446443,3.91751708115,0.00804563386043,0.623632493019,-4659.40297522
-656.318000417,-0.0100781696983,0.00173676391631,0.0116165965076,12,20,-2047.66534414,-8506.35211047,2558.66754688,0.00153842680931,1.36357756298,0.946143556655,3.91015714209,0.00912960581774,0.587981887957,-3316.45190461
-939.577572614,-0.00806579849297,0.00190007392108,0.00829504772739,13,21,-2608.58587376,-14407.9922413,4331.32324016,0.000229249234421,1.3545551604,0.937645462849,3.87503680337,0.00802186983809,0.517093256811,-5340.35246558
-928.521024659,-0.0132670827253,0.00245784056835,0.0143892073707,12,22,-2335.93305326,-14136.3008371,3988.94226028,0.00112212464538,1.32891250532,0.913907397889,3.77693375802,0.00914501740101,0.523812693149,-4209.02161615
-1110.15988128,-0.00504701491773,0.00246802908824,0.00826216295118,11,23,-1811.26250311,-11982.3963007,2964.6471417,0.00321514803345,1.34085778903,0.924889744069,3.82232084442,0.00851141403206,0.545736837853,-3630.19977047
-870.941488019,-0.00905457374021,0.0026603032442,0.00680824284639,12,24,-2579.12754398,-15626.3035269,4804.85213817,-0.00224633089382,1.33157680766,0.916345570073,3.78701006865,0.00834591639403,0.589902374975,-5430.18043998
-839.231480288,-0.00652862463317,0.00269645613297,0.00750513309613,13,25,-1707.22879117,-11942.887301,3475.0328925,0.000976508462954,1.35491952968,0.937987174294,3.87644900497,0.00732578399748,0.396099335801,-4064.93219721
-681.93880597,-0.00546644720446,0.00275283797386,0.00503700190209,15,26,-2244.73293515,-16783.628616,4949.85594259,-0.000429445302372,1.34690363088,0.930498418683,3.84549998985,0.00841555710249,0.400495247333,-5307.17463824
-738.822528424,-0.035283631437,0.00327605847786,0.0357827782702,12,27,-2076.64548547,-13793.7402698,4607.70922262,0.000499146833178,1.36284896552,0.94545444993,3.90730924912,0.00884621455559,0.167344155883,-5511.68576656
-762.561704274,-0.011606407829,0.00283425686795,0.00725929433322,14,28,-2714.18309448,-10708.8057149,3468.96226395,-0.00434711349579,1.37205399251,0.954197562217,3.9434421834,0.00817212658645,0.50356105157,-4670.37670225
-1051.74220952,-0.00868208376868,0.00346462012875,0.00684515848265,12,29,-2752.24082728,-25605.4470566,7262.26911822,-0.00183692528603,1.38027184845,0.962071328753,3.97598234524,0.00772825458906,0.384900794785,-6583.47578891
-1102.64163834,-0.00379049511813,0.00343783731758,0.00943661188519,12,30,-2572.86755658,-13298.0844404,3793.81621449,0.00564611676706,1.37918070299,0.961022141498,3.97164633617,0.00991732346603,0.344895282486,-4995.13107215
-862.403308721,-0.00946728234326,0.0041289681324,0.0103562713792,14,31,-1239.42336435,-5626.33338376,1253.14167405,0.000888989035939,1.37519606726,0.957200437448,3.95585226002,0.00966234286737,-0.0135455417097,-2189.32729575
-794.249425753,-0.0071645975183,0.00329717348379,0.0140965009691,12,32,-2358.14110085,-13595.5513441,4445.77607166,0.00693190345082,1.37515226625,0.957158512014,3.95567899347,0.0074878900767,0.437617036568,-4636.07386901
-801.634457783,-0.00172763782868,0.00362906365053,0.00428957734258,10,33,-2168.03065673,-17464.8446502,6181.68521477,0.0025619395139,1.36401813043,0.946560488541,3.91188020957,0.00658708320626,0.341486808016,-6145.29511073
-665.862965738,-0.0112076810499,0.00378413282189,0.0118705853932,11,34,-2948.92368389,-14774.4186696,4729.59326866,0.000662904343219,1.36556620725,0.948026971719,3.91794079058,0.00851734126247,0.519995697972,-5722.66257684
-756.76407861,-0.00710715661327,0.00504193400207,0.00820253803104,12,35,-1225.46519829,-6387.07095219,1481.28314841,0.00109538141777,1.36642127471,0.948837945398,3.92129232693,0.00872395077686,-0.820520594058,-2061.54738291
-934.506148785,-0.00913156318373,0.00442656770836,0.00791013288057,12,36,-1554.41277011,-7547.62749298,1974.33806295,-0.00122143030315,1.37043246402,0.952651557473,3.93705296112,0.00855017699933,0.591655667289,-2887.55135037
-639.986352325,-0.0088303994963,0.00411353365801,0.00610650034388,14,37,-2004.55280621,-11889.6506585,2878.07173459,-0.00272389915242,1.36829677889,0.950619164748,3.92865362798,0.00759646962497,0.610722634574,-3706.05273009
-740.850901158,-0.00397280501871,0.00487331603608,0.00662977424141,13,38,-1435.33289692,-8377.78661684,2087.77374622,0.0026569692227,1.35732216946,0.940243529111,3.88577391327,0.00856940246562,0.578236120553,-2615.2539311
-678.568395412,-0.0098914069477,0.00517824874079,0.0076485392387,10,39,-2569.54024751,-18968.2847095,5321.73395815,-0.002242867709,1.33992595212,0.924028299098,3.81876072378,0.00974803586253,0.619235227042,-5051.30145083
-835.034443262,-0.025089769542,0.00591841589236,0.0292849136723,10,40,-2164.27429041,-16807.0866421,4144.39663686,0.00419514413027,1.35098409225,0.934303038561,3.86122346171,0.00888194985798,0.252522653871,-5510.89732833
-1394.20475281,-0.00125934346761,0.00589189873725,0.00689099266607,10,41,-1982.75502837,-11594.0129602,3273.75219523,0.00563164919846,1.35638640192,0.939364091276,3.88213943295,0.00934073674242,0.501285792604,-4547.29443577
-818.433467448,-0.0129441907537,0.00563619226163,0.00869816776019,10,42,-2327.88778867,-10683.3904655,2980.00959912,-0.00424602299354,1.35663088741,0.939593780244,3.88308867575,0.00958002639518,0.655256773832,-4019.30937132
-1234.47018285,-0.0106536527385,0.00637852364842,0.00595930858326,9,43,-3112.04060959,-21757.7524613,6654.24207531,-0.00469434415521,1.35380287151,0.936940347842,3.87212275247,0.00881526981184,0.606473650033,-7103.16736549
-1236.23732221,-0.00675578316006,0.0067816476793,0.00722874951674,9,44,-2724.54234666,-10712.8109217,3415.81018333,0.000472966356677,1.34610830958,0.929758667683,3.8424427977,0.00914314445201,0.560581107107,-5748.29617263
-1352.21246148,-0.00521799644442,0.00775540370655,0.00450086467307,9,45,-2335.6483549,-9675.83266699,2948.46718141,-0.00071713177135,1.34359545969,0.927425256702,3.83279943698,0.00926022343919,0.632235932449,-5302.54437682
-741.765450661,-0.00915876451732,0.00666007169246,0.0062103173032,9,46,-3199.61346863,-19455.0416789,5582.87483502,-0.00294844721412,1.33812604954,0.922366634043,3.81189350851,0.00909843007385,0.624094466692,-6566.04409368
-1207.34419371,-0.00563482056743,0.00647092649971,0.00757722176066,9,47,-2295.13704512,-8487.14010632,2444.59501662,0.00194240119323,1.33292930563,0.917585764087,3.79213545734,0.00897141208725,0.579275343532,-4128.49202729
-1181.46012998,-0.00262994517582,0.00829085881065,0.00447700985856,12,48,-1232.33789362,-4916.9053757,1153.87937118,0.00184706468274,1.32308372064,0.908595923203,3.75498286005,0.00978101363951,0.0649027627578,-2585.31168973
-1121.59251334,-0.0114643355417,0.00818363463403,0.00687080575289,10,49,-2871.27407413,-19498.6148906,4853.14722602,-0.00459352978886,1.3144309831,0.900767996486,3.72263214187,0.00942188543291,0.448205213777,-5490.35462873
-1097.03558385,-0.00687116201301,0.00891607752701,0.00385837538094,11,50,-2829.6421061,-13522.5286162,3730.50417149,-0.00301278663207,1.31507436965,0.90134772498,3.72502800399,0.0098792486629,0.669416285106,-5166.01520625
-687.097859829,-0.00182078055416,0.00950861093307,0.00442123723473,11,51,-2522.81511155,-14075.2350915,4196.8623149,0.00260045668057,1.31220802952,0.898767854978,3.71436609435,0.009989208012,0.666140793159,-4775.06432923
-1109.54187944,-0.0006219053039,0.00869711250211,0.00346663676586,11,52,-1865.79231117,-7851.49861844,2357.49039766,0.00284473146195,1.30612748921,0.893319442244,3.69184926821,0.00958173775013,0.132430345162,-3181.6255287
-1520.43783484,-0.00694852449899,0.00859558595369,0.00334961648933,10,53,-2270.18542907,-9001.08790042,2362.13399319,-0.00359890800966,1.30600973102,0.893214252751,3.69141454829,0.00958074292157,0.569338837594,-4266.32882521
-684.196268644,-0.00311433437026,0.0102006548297,0.0,10,54,-1823.97997561,-8633.8293853,2446.50677112,-0.00311433437026,1.30545409986,0.892718092936,3.68936405307,0.0102006548297,0.615653768485,-3542.68328769
-971.838344916,-0.00751757558965,0.00981403370874,0.00233732833521,9,55,-3194.74499229,-18969.5622441,4979.99728713,-0.00518024725445,1.30545409986,0.892718092936,3.68936405307,0.00999413399898,0.597947786299,-6446.77839234
-1047.21131721,0.00336703423324,0.0104673295052,0.0,10,56,-1560.05250991,-17811.3413984,4640.30042924,0.00336703423324,1.30397390957,0.891397677761,3.68390713187,0.0104673295052,0.201828272764,-4324.39241955
-943.948666238,-0.0115197425504,0.00933399812208,0.00389585689923,10,57,-1605.39013802,-6701.15889613,1958.14272963,-0.00762388565116,1.30397390957,0.891397677761,3.68390713187,0.00999219260952,0.356555766526,-3084.00035183
-1045.44175652,-0.00561726988224,0.0103428277868,0.0,10,58,-2419.14751831,-11231.8147385,3225.50355307,-0.00561726988224,1.30426535873,0.891657512729,3.68498095999,0.0103428277868,0.614237194905,-5088.10420519
-1644.93098835,-0.00207321279612,0.00902840685475,0.00272797754005,9,59,-2324.51376088,-8772.98618145,2454.41278237,0.000654764743931,1.30426535873,0.891657512729,3.68498095999,0.00993608855612,0.707651751842,-4407.83914939
-909.662240611,-0.00354525234829,0.00894103246194,0.00428865227404,9,60,-2281.54440911,-11460.8044443,3027.36712893,0.000743399925745,1.29671885802,0.884953944727,3.65727691433,0.00964907123347,0.680204293983,-4076.08107074
-1116.66127498,0.00173813133693,0.0114870765306,0.0,12,61,-2216.21159022,-10372.4959204,3031.50702548,0.00173813133693,1.29851552011,0.886545337099,3.66385371148,0.0114870765306,0.36257301813,-4297.67365969
-807.75231892,-0.00571087633257,0.0091844762537,0.00272625631394,11,62,-2168.21089576,-10059.8811922,3184.39674464,-0.00298462001863,1.29851552011,0.886545337099,3.66385371148,0.00997089459308,0.632100709997,-3637.66377692
-1211.71271479,0.00142818998372,0.00992175931939,0.0,10,63,-1266.42363059,-4928.30497963,1225.20096963,0.00142818998372,1.29893657711,0.886918701816,3.66539672755,0.00992175931939,-0.0521719919614,-2414.46707779
-1510.68770497,-0.0128026330277,0.00826726550754,0.00320649188131,9,64,-2975.61171977,-16862.9192449,4613.92871615,-0.00959614114641,1.29893657711,0.886918701816,3.66539672755,0.00960013416819,0.474915216787,-5397.94115437
-1696.86078998,-0.0059923218977,0.00746653606416,0.0104442596477,8,65,-3444.90801788,-13223.1827587,3521.41567548,0.00445193774997,1.30308572102,0.890606300043,3.68063658037,0.00985656091707,0.776310618794,-6228.15983044
-1004.71389265,-0.00363567139291,0.00988957877438,0.0,9,66,-1820.70170486,-10799.4929898,2897.71897273,-0.00363567139291,1.29919925736,0.887151708449,3.66635968137,0.00988957877438,0.473550631748,-3614.52548063
-637.311123039,-0.00482636435865,0.00887368241499,0.00345017505776,10,67,-1269.10187929,-5459.10044087,1644.29899549,-0.00137618930088,1.29919925736,0.887151708449,3.66635968137,0.00976792188848,0.637916703733,-2176.94456244
-1113.14681718,-0.00233786495515,0.00977984814428,0.000730561020779,10,68,-1342.78775847,-4296.89366569,907.507416701,-0.00160730393437,1.29378239572,0.882359122493,3.64655321112,0.00996581278589,0.679705501498,-2313.1243439
-818.153752721,-0.00449422997088,0.0103423663174,0.0,9,69,-2307.11410236,-11020.5460568,3672.93553647,-0.00449422997088,1.29332327325,0.88195410458,3.6448793809,0.0103423663174,0.564703563324,-4612.23305727
-757.096531892,0.00543096876806,0.0102259749551,0.0,9,70,-2300.01432973,-10721.1622485,3061.61262213,0.00543096876806,1.29332327325,0.88195410458,3.6448793809,0.0102259749551,0.429930448375,-4453.5875551
-1186.18228859,0.00435676614993,0.0106334336155,0.0,9,71,-2292.86390377,-11957.7771659,3580.25836092,0.00435676614993,1.29332327325,0.88195410458,3.6448793809,0.0106334336155,0.628088927799,-4529.55497111
-1025.67765894,-0.00223626643796,0.00971243947426,0.00208259555839,10,72,-2450.96933669,-24547.482773,6756.66189701,-0.000153670879579,1.29332327325,0.88195410458,3.6448793809,0.00998712562129,0.600368879101,-5329.57956271
-1106.95342731,-0.00630516606656,0.00940428847461,0.00393674430026,10,73,-2372.48437653,-12145.8493011,3315.06142261,-0.00236842176631,1.29380853438,0.882382186477,3.64664852837,0.00980018485932,0.513210733395,-4467.69298574
-591.20422952,-0.00860757303349,0.00896118353127,0.00272815333766,9,74,-2948.36998733,-9564.41973649,3159.32822039,-0.00587941969583,1.29265273109,0.881362915398,3.64243615483,0.00976699897579,0.534029858158,-5629.36953032
-786.357044383,0.00642984486414,0.0107715253227,0.0,10,75,-1437.16303504,-6508.59461257,1523.92770732,0.00642984486414,1.29169120178,0.88051586642,3.63893552895,0.0107715253227,0.0494237747274,-3038.73931194
-876.851834212,-0.0089651543296,0.00871198370069,0.00606216880797,10,76,-1903.04862265,-9599.02208443,3006.54952305,-0.00290298552163,1.29169120178,0.88051586642,3.63893552895,0.00952086157062,0.570373224761,-3237.26719372
-567.340145171,-0.00269958387607,0.00943963425266,0.0045103646803,9,77,-2551.04090289,-15472.4415625,4482.69623643,0.00181078080423,1.28798691099,0.877260213274,3.62548078912,0.00963550978665,0.636073348492,-5601.85400335
-1322.36605109,0.0013499618186,0.0113419208018,0.0,9,78,-2373.06037688,-13984.0331911,4648.06618979,0.0013499618186,1.28593441061,0.875461482933,3.61804711984,0.0113419208018,0.472015041897,-5657.8373422
-1568.85793245,-0.00785731776026,0.00931292501101,0.00626444916163,9,79,-1816.84088444,-7653.20398919,1717.86239664,-0.00159286859863,1.28593441061,0.875461482933,3.61804711984,0.0099266887835,0.266019256109,-3356.86077778
-944.462499275,-0.00737621213946,0.0096984735493,0.00593318410653,9,80,-2265.92089561,-8577.13201677,2350.43367277,-0.00144302803293,1.28087280146,0.871041434794,3.59978024831,0.00984399519308,0.754722159262,-4084.47724422
-1213.90613555,-0.000784729728969,0.0109370094522,0.0,10,81,-1559.63843779,-6887.42374678,1646.46400585,-0.000784729728969,1.27073487688,0.862255493277,3.56347031233,0.0109370094522,0.5980253956,-2633.61658862
-987.198800635,-0.00314356222224,0.0102885651918,0.0,9,82,-3051.60524486,-10500.4297286,2954.21748711,-0.00314356222224,1.27073487688,0.862255493277,3.56347031233,0.0102885651918,0.659762588245,-5369.58592537
-2182.47093604,-0.00540044961806,0.0101377200043,0.0,8,83,-2411.45383463,-9337.04045798,2158.13770139,-0.00540044961806,1.27073487688,0.862255493277,3.56347031233,0.0101377200043,0.713125772093,-4206.8389578
-1665.59958085,-0.00280142531255,0.0107250064446,0.0,9,84,-2845.72154341,-13218.9584992,4406.77588168,-0.00280142531255,1.27073487688,0.862255493277,3.56347031233,0.0107250064446,0.669621775519,-5456.4577618
-1651.398307,0.00647150225744,0.01112851519,0.0,10,85,-2174.7344905,-8809.27633381,1857.29565427,0.00647150225744,1.27073487688,0.862255493277,3.56347031233,0.01112851519,0.567038093443,-3825.91382304
-560.932808847,0.000158692104702,0.0105096998244,0.0,10,86,-1304.82574248,-5946.27186481,1430.66670429,0.000158692104702,1.27073487688,0.862255493277,3.56347031233,0.0105096998244,0.539375671295,-2116.49019264
-1526.36891728,0.00231691159942,0.0116759512163,0.0,9,87,-1964.36838031,-9440.70604633,2375.07138306,0.00231691159942,1.27073487688,0.862255493277,3.56347031233,0.0116759512163,0.648012860461,-3579.20959627
-1054.72609698,0.000169338263972,0.0108618325442,0.0,9,88,-1429.33396149,-6643.09375575,1542.06533322,0.000169338263972,1.27073487688,0.862255493277,3.56347031233,0.0108618325442,0.518086996689,-2570.43810293
-1667.94044719,-0.00217735902188,0.0107172616451,0.00450200631529,10,89,-2926.29773104,-12321.0554099,3903.55993646,0.00232464729341,1.27073487688,0.862255493277,3.56347031233,0.00966822711041,0.575966309956,-5333.82457576
-1593.73139235,-0.00286701105755,0.0112088661533,0.0,11,90,-3093.95889735,-15441.3731259,3923.18992876,-0.00286701105755,1.26965998303,0.861329158095,3.55964201788,0.0112088661533,0.51899285631,-5241.97469183
-809.818926941,-0.00141303988478,0.0105041266879,0.0,9,91,-3168.31428845,-21826.0745207,6552.82607698,-0.00141303988478,1.26965998303,0.861329158095,3.55964201788,0.0105041266879,0.607294204611,-6593.91983223
-1081.03393572,-0.00479328673363,0.0107902907371,0.0,10,92,-2024.23630982,-11331.1574656,2987.53983416,-0.00479328673363,1.26965998303,0.861329158095,3.55964201788,0.0107902907371,0.610319765384,-3644.89797692
-1049.48037912,0.000196771259042,0.0110838287229,0.0,10,93,-2469.33915339,-10775.7747374,2895.68978629,0.000196771259042,1.26965998303,0.861329158095,3.55964201788,0.0110838287229,0.720315166414,-4544.0079263
-1091.3670067,-0.00445370731897,0.0110861907341,0.0,11,94,-3072.00785895,-24143.3870663,6772.90406556,-0.00445370731897,1.26965998303,0.861329158095,3.55964201788,0.0110861907341,0.635157586967,-6126.18631202
-678.085806192,-0.00259601619007,0.0100073371472,0.00384677008866,9,95,-2103.5616379,-12991.9538702,3432.88998449,0.00125075389859,1.26965998303,0.861329158095,3.55964201788,0.00999554192055,0.388195605643,-3871.57991799
-1303.52917363,0.00181134624053,0.0108340727648,0.0,10,96,-1830.96962087,-11434.1387075,2841.70713367,0.00181134624053,1.26485023585,0.857196329503,3.54256214757,0.0108340727648,0.662348463341,-3301.59469729
-1293.66547239,0.00436389824792,0.0117742266852,0.0,9,97,-2187.80291762,-16362.5778798,4424.43087931,0.00436389824792,1.26485023585,0.857196329503,3.54256214757,0.0117742266852,0.418656257334,-5853.86831996
-1153.44738042,0.00313880498999,0.0112433839428,0.0,9,98,-1878.50123265,-13292.479912,3799.88853157,0.00313880498999,1.26485023585,0.857196329503,3.54256214757,0.0112433839428,0.441249896666,-4042.2106506
-1313.40544699,0.00137786569101,0.0121664772587,0.0,10,99,-3110.44951153,-18233.4589109,6397.86933782,0.00137786569101,1.26485023585,0.857196329503,3.54256214757,0.0121664772587,0.613840122849,-6644.1145167
-799.749646974,-0.00064704586525,0.0134910815475,0.0,12,100,-1090.81291625,-4966.65629095,1217.58316995,-0.00064704586525,1.26485023585,0.857196329503,3.54256214757,0.0134910815475,-2.55763500522,-2151.75992494
-1073.62527202,-0.00150536219823,0.0108241540061,0.0,10,101,-2284.11460718,-23170.7513782,6454.09739645,-0.00150536219823,1.26485023585,0.857196329503,3.54256214757,0.0108241540061,0.378757628691,-4522.72087084
-743.858852337,0.00316152529358,0.0110635711223,0.0,10,102,-2528.1213751,-13341.1786794,4251.21640994,0.00316152529358,1.26485023585,0.857196329503,3.54256214757,0.0110635711223,0.618301806303,-5289.36948975
-495.085083645,0.00138694313631,0.011241318239,0.0,10,103,-2010.86467566,-9226.8837405,2959.9936457,0.00138694313631,1.26485023585,0.857196329503,3.54256214757,0.011241318239,0.429537523239,-3967.90279303
-1869.1544403,-0.0024527093227,0.0101277871209,0.0,8,104,-2850.18747936,-9742.35652157,2808.31685382,-0.0024527093227,1.26485023585,0.857196329503,3.54256214757,0.0101277871209,0.709187610926,-5162.315555
-872.780458388,-0.00041627492475,0.0104102000924,0.0,8,105,-2456.28978734,-11301.888675,3205.02338105,-0.00041627492475,1.26485023585,0.857196329503,3.54256214757,0.0104102000924,0.502219726556,-5165.83634504
-1558.26044835,-0.00578064788169,0.0107972258688,0.0,9,106,-1868.21009291,-12742.1080441,3279.94156456,-0.00578064788169,1.26485023585,0.857196329503,3.54256214757,0.0107972258688,0.584542629134,-4135.49389758
-915.101152326,0.00378435998294,0.0122658512035,0.0,11,107,-1825.10281732,-11162.7167275,3419.22638346,0.00378435998294,1.26485023585,0.857196329503,3.54256214757,0.0122658512035,0.596618670353,-3893.47595254
-1558.56187162,-0.00585767199019,0.0104576869889,0.0,10,108,-3093.96585383,-17447.6738513,4663.34486689,-0.00585767199019,1.26485023585,0.857196329503,3.54256214757,0.0104576869889,0.617711085986,-6287.49428189
-980.980894837,0.00255114093856,0.0104618966381,0.0,9,109,-2164.7528168,-10539.3698658,2763.30030657,0.00255114093856,1.26485023585,0.857196329503,3.54256214757,0.0104618966381,0.461264364998,-4012.76009564
-738.124770708,0.00354973264597,0.0113995370583,0.0,11,110,-2408.69640804,-14919.7845786,5576.94137802,0.00354973264597,1.26485023585,0.857196329503,3.54256214757,0.0113995370583,0.524759147132,-5231.42056707
-1116.4953779,-0.000131234953229,0.0101353336874,0.0,9,111,-2296.95060865,-12021.4795263,3176.2698582,-0.000131234953229,1.26485023585,0.857196329503,3.54256214757,0.0101353336874,0.225849699601,-4649.84047663
-649.040474765,-0.00128413478835,0.0109871834405,0.0,10,112,-2184.19287617,-13788.6208508,3508.28650159,-0.00128413478835,1.26485023585,0.857196329503,3.54256214757,0.0109871834405,0.623849731137,-4324.90258363
-787.016464408,0.00260612953368,0.0105981464465,0.0,8,113,-2468.41398695,-12573.1033289,3378.57874926,0.00260612953368,1.26485023585,0.857196329503,3.54256214757,0.0105981464465,0.712157747888,-4608.64090051
-1008.66318661,-0.00464337512383,0.0111084173659,0.0,10,114,-2662.74850424,-18649.9937767,5022.99997613,-0.00464337512383,1.26485023585,0.857196329503,3.54256214757,0.0111084173659,0.700134072622,-4749.98945044
-1471.54955125,-0.00823647356783,0.0103528117783,0.0,10,115,-2711.80463069,-13381.4247445,3467.99110077,-0.00823647356783,1.26485023585,0.857196329503,3.54256214757,0.0103528117783,0.700295316711,-5278.30068441
-1093.6038481,0.000660529723091,0.0101238717992,0.0,9,116,-3130.99888106,-16270.4104463,5368.15225471,0.000660529723091,1.26485023585,0.857196329503,3.54256214757,0.0101238717992,0.695806733919,-5837.36866546
-1157.46623115,-2.9080512164e-05,0.0100698463526,0.0,9,117,-3066.71790765,-13147.4679831,4071.10358838,-2.9080512164e-05,1.26485023585,0.857196329503,3.54256214757,0.0100698463526,0.722531760564,-5949.89220465
-721.97695479,0.00364502606086,0.00976707658576,0.00223439652508,9,118,-3012.68603545,-12695.7325343,4607.91080789,0.00587942258594,1.26485023585,0.857196329503,3.54256214757,0.00995078884699,0.642827078136,-6228.00784456
-886.963258332,-0.00806331194704,0.00828460392471,0.00621739606524,8,119,-2240.94215173,-11715.4562027,3180.77375761,-0.0018459158818,1.26760209218,0.859558459278,3.55232419536,0.00912440190271,0.644071923774,-3961.30134473
-1440.2760648,-0.00197005300185,0.0104713177111,0.0,9,120,-1648.45591756,-4389.70450126,886.716978149,-0.00197005300185,1.26261294206,0.855280673216,3.53464525478,0.0104713177111,0.469919453404,-2769.93412298
-667.937583332,-0.0012945615557,0.0111302697907,0.0,10,121,-2199.63832585,-7677.14813853,2538.16509619,-0.0012945615557,1.26261294206,0.855280673216,3.53464525478,0.0111302697907,0.662310768543,-3870.72173847
-1293.97903135,-0.00322928950953,0.00931427742127,0.00670606526418,8,122,-3286.41139453,-14196.1945314,4568.27432784,0.00347677575465,1.26261294206,0.855280673216,3.53464525478,0.00955304912527,0.5775957951,-6536.98281368
-892.063192337,-0.0013154335333,0.0100750166938,0.0,10,123,-1283.42598953,-6643.76709843,1566.93988904,-0.0013154335333,1.25893212595,0.85213832908,3.52165879064,0.0100750166938,-4.01755520296,-2338.95674866
-934.798536708,-0.00361752374625,0.0110331240566,0.0,10,124,-2709.0835765,-17040.011533,4776.54613985,-0.00361752374625,1.25893212595,0.85213832908,3.52165879064,0.0110331240566,0.49498021249,-5951.97029932
-876.099329914,-0.00124645848956,0.0111138322035,0.0,9,125,-1300.84773513,-3607.4530086,706.701812527,-0.00124645848956,1.25893212595,0.85213832908,3.52165879064,0.0111138322035,-0.696180209652,-2555.51714122
-1647.22026321,-0.00444573017842,0.00993255453282,0.0,10,126,-2426.98102532,-8666.46186968,2000.99609091,-0.00444573017842,1.25893212595,0.85213832908,3.52165879064,0.00993255453282,0.623406168143,-4268.54832532
-994.841639739,-0.00524799332132,0.00988961908895,0.000864383255096,10,127,-2021.08340576,-15014.2519139,3964.1169987,-0.00438361006622,1.25893212595,0.85213832908,3.52165879064,0.00997505330572,0.588012759102,-4146.01969233
-802.124998249,0.000515576396346,0.0115828059294,0.0,10,128,-2688.13165187,-20904.4653068,5806.63848032,0.000515576396346,1.25922770443,0.852390240058,3.52269987103,0.0115828059294,0.506762868536,-5166.06633616
-1887.3112362,0.00476388851379,0.0100218164325,0.00240612057943,9,129,-2004.9090338,-7608.9463987,1991.45988342,0.00717000909323,1.25922770443,0.852390240058,3.52269987103,0.00999271780759,0.305385210376,-3993.73392324
-525.635740061,-0.00374946590854,0.0103488971086,0.0,9,130,-2356.06943961,-6948.11597667,2079.24613538,-0.00374946590854,1.25991688753,0.852977895489,3.52512849306,0.0103488971086,0.693472821454,-4171.76182519
-842.225173603,-0.0108336540793,0.00983657112639,0.000792805459627,9,131,-2679.56365647,-9915.05915973,3149.80682062,-0.0100408486197,1.25991688753,0.852977895489,3.52512849306,0.00996717082022,0.742933994495,-4775.29032333
-761.013729306,-0.00212944487561,0.0100414936931,0.00182009822845,10,132,-2589.42535507,-13082.1884455,3676.31888208,-0.000309346647166,1.26031972105,0.85332157279,3.52654881902,0.00997490423752,0.699132519654,-4868.16213478
-685.400805309,-0.0118801329892,0.00913288707696,0.0057444535347,9,133,-2478.40855489,-15091.847873,4305.66301492,-0.00613567945451,1.25857365373,0.851832915903,3.52039660003,0.00967707411577,0.72412903162,-4396.49018045
-1486.01346609,-0.0115559653915,0.00876680606388,0.00553842060075,8,134,-3858.76727536,-16403.5883661,5212.96291855,-0.00601754479071,1.26234856179,0.855054583773,3.53371088785,0.00955048584723,0.745817446391,-7126.09049573
-1434.37391763,0.000574153318425,0.00957485586516,0.00351932501622,10,135,-1658.84126044,-5398.78793734,1348.75497136,0.00409347833465,1.26246596447,0.855154975367,3.53412577933,0.00994984615705,-0.471884412744,-2965.29864887
-728.062867076,-0.00520904771943,0.0102668969563,0.0,10,136,-2396.26797534,-20531.3742268,5657.96502822,-0.00520904771943,1.25958426391,0.852694222069,3.52395614702,0.0102668969563,0.50253893374,-4741.22118229
-777.862355372,-0.00339085335204,0.0119060422303,0.0,12,137,-2243.42360005,-9854.2001148,2884.55934938,-0.00339085335204,1.25958426391,0.852694222069,3.52395614702,0.0119060422303,0.628286708295,-3926.52091982
-517.427523738,-0.011074252602,0.00867033936099,0.00439559076718,9,138,-2387.95491736,-10024.8186433,2978.72221599,-0.00667866183485,1.25958426391,0.852694222069,3.52395614702,0.00968655544407,0.757619666225,-3952.09057269
-1726.94008518,-0.00549762558058,0.00923990359399,0.00350256389238,10,139,-2017.81328893,-10852.6953646,2737.82601902,-0.0019950616882,1.25561845376,0.849319295253,3.51000848115,0.00974799544405,0.454272359473,-4095.29073439
-1702.33023655,-0.0126235305821,0.00880096383508,0.00281286336835,9,140,-2290.7297666,-7845.66430355,2149.03252364,-0.00981066721374,1.25759131288,0.850996536511,3.51694006869,0.00968809606048,0.709469848777,-3885.48312187
-594.323687393,-0.0036450816812,0.0112358802232,0.0,10,141,-2599.04593937,-14266.0231551,4785.30749437,-0.0036450816812,1.25393670619,0.847892154971,3.50411049376,0.0112358802232,0.652940926301,-5257.68234112
-1659.55903801,-0.00185379190413,0.010519136641,0.0,9,142,-2406.41388282,-12152.7392081,3141.84122144,-0.00185379190413,1.25393670619,0.847892154971,3.50411049376,0.010519136641,0.639657917112,-4458.40047414
-851.454415215,-0.0140967421541,0.0117857098656,0.0,9,143,-1669.73400591,-8354.20061705,2620.35857224,-0.0140967421541,1.25393670619,0.847892154971,3.50411049376,0.0117857098656,0.601612104666,-3366.12543447
-672.056129897,0.00308274496136,0.0104121889255,0.00732477760389,8,144,-2418.63057059,-9502.59207443,2878.97877883,0.0104075225652,1.25393670619,0.847892154971,3.50411049376,0.00971457235509,0.691084435843,-4451.23221344
-718.015802935,-0.00547888596847,0.0104557124667,0.0,10,145,-2570.39682704,-13313.4455915,3765.69540247,-0.00547888596847,1.25077317894,0.845214063379,3.49304266067,0.0104557124667,0.698100106897,-4629.39456388
-791.387859768,0.00630116105031,0.0113193844007,0.0,9,146,-1450.57646811,-4264.83179606,1275.92481249,0.00630116105031,1.25077317894,0.845214063379,3.49304266067,0.0113193844007,0.0548803994236,-2663.42981908
-675.247899863,-0.0011044312093,0.0133882165532,0.0,10,147,-2454.2866549,-14691.5982997,3920.66595931,-0.0011044312093,1.25077317894,0.845214063379,3.49304266067,0.0133882165532,0.613172849282,-4413.52869571
-1152.26340236,0.00139304949858,0.0106840604995,0.0,9,148,-2375.42322479,-10668.3728961,2935.70241106,0.00139304949858,1.25077317894,0.845214063379,3.49304266067,0.0106840604995,0.635666220023,-4561.84133185
-1895.22032914,-0.00816677449473,0.0107744399406,0.0,9,149,-2675.9874811,-11682.6794322,3317.70919331,-0.00816677449473,1.25077317894,0.845214063379,3.49304266067,0.0107744399406,0.759306490631,-4744.833872
-652.651789555,-0.0105948710662,0.0137799494093,0.0,10,150,-1869.1304831,-14604.425598,4498.09951069,-0.0105948710662,1.25077317894,0.845214063379,3.49304266067,0.0137799494093,0.554444693182,-3939.58115991
-1737.11835381,-0.00858245278247,0.0104696968619,0.0,9,151,-2517.8377146,-16401.8096247,4446.22552636,-0.00858245278247,1.25077317894,0.845214063379,3.49304266067,0.0104696968619,0.659563411499,-4462.47514685
-908.105898925,-0.00439026731233,0.0125618406348,0.0,10,152,-2152.34077575,-21879.9244541,5958.93532222,-0.00439026731233,1.25077317894,0.845214063379,3.49304266067,0.0125618406348,0.525069285093,-5114.1625506
-707.922471803,-0.00677050368807,0.012055069107,0.0,11,153,-1869.02812975,-6027.12646398,1941.61588155,-0.00677050368807,1.25077317894,0.845214063379,3.49304266067,0.012055069107,0.491464272292,-2971.91941718
-794.441654182,-0.00497196959775,0.0115664511493,0.0,9,154,-2280.06349932,-13420.0375286,4427.79768501,-0.00497196959775,1.25077317894,0.845214063379,3.49304266067,0.0115664511493,0.603609194262,-4788.46702561
-868.61330688,0.00845017303465,0.0109916328241,0.0,10,155,-1807.94775769,-7950.90003523,2460.29327903,0.00845017303465,1.25077317894,0.845214063379,3.49304266067,0.0109916328241,0.573192602098,-3308.02202159
-1445.2240764,-0.00791651883872,0.012050416139,0.0,10,156,-2068.3648067,-6683.38755791,1534.97204061,-0.00791651883872,1.25077317894,0.845214063379,3.49304266067,0.012050416139,0.787163608977,-3677.18729034
-1634.78551486,-0.00546407264521,0.0113013037062,0.0,9,157,-2550.74593377,-17898.1118207,5278.51838581,-0.00546407264521,1.25077317894,0.845214063379,3.49304266067,0.0113013037062,0.530725674998,-5183.64804598
-575.349283242,0.00694302755101,0.0117642911769,0.0,9,158,-2426.09866621,-10841.5899428,3010.78031416,0.00694302755101,1.25077317894,0.845214063379,3.49304266067,0.0117642911769,0.631246350207,-4115.32778095
-1021.25646803,-0.0012654646415,0.0109879015173,0.0,10,159,-1856.91407608,-6677.9190053,1950.8086945,-0.0012654646415,1.25077317894,0.845214063379,3.49304266067,0.0109879015173,0.680151664468,-3230.60235286
-1196.01626951,-0.00252318396906,0.0149259713452,0.0,11,160,-1864.99063444,-10880.1945418,3076.13656769,-0.00252318396906,1.25077317894,0.845214063379,3.49304266067,0.0149259713452,0.374359629411,-4003.71642215
-559.284490377,-0.00330651494864,0.0115530671083,0.0,10,161,-2126.91681126,-5770.77401379,1657.60809493,-0.00330651494864,1.25077317894,0.845214063379,3.49304266067,0.0115530671083,0.712344116924,-3699.29753473
-722.64078086,0.00869578916649,0.0108204658377,0.0,9,162,-2456.86386539,-11398.4769332,3363.07123876,0.00869578916649,1.25077317894,0.845214063379,3.49304266067,0.0108204658377,0.672013922365,-4721.04935869
-477.847319291,-0.000911518175985,0.0123869887627,0.0,10,163,-2164.70570285,-10809.0467976,2731.27630889,-0.000911518175985,1.25077317894,0.845214063379,3.49304266067,0.0123869887627,0.559237142493,-3855.91733587
-888.958923271,-0.00167935621724,0.01160496008,0.0,9,164,-2669.86071005,-16187.1852551,5137.67744786,-0.00167935621724,1.25077317894,0.845214063379,3.49304266067,0.01160496008,0.460573137175,-6005.81360581
-660.612750869,-0.00407877711287,0.011371850764,0.0,10,165,-2170.97740771,-20314.0836355,5756.91908417,-0.00407877711287,1.25077317894,0.845214063379,3.49304266067,0.011371850764,0.445465632316,-4964.61036769
-690.238633033,-0.00422521859168,0.010051530743,0.0,9,166,-2623.30026032,-8987.36023463,2867.55135235,-0.00422521859168,1.25077317894,0.845214063379,3.49304266067,0.010051530743,0.601833998953,-4898.08337415
-1538.64999495,4.62944294268e-05,0.0111555933337,0.0,10,167,-3150.77044758,-23389.555654,6204.04905695,4.62944294268e-05,1.25077317894,0.845214063379,3.49304266067,0.0111555933337,0.562056060048,-6798.67573768
-923.091070685,-0.00512280557128,0.00963382762601,0.00526536754394,8,168,-2860.10337908,-9138.82494179,2824.42915711,0.000142561972657,1.25077317894,0.845214063379,3.49304266067,0.00984810340591,0.662042229005,-5215.80486549
-1304.61503487,-0.00335943332266,0.0150111484017,0.0,12,169,-1655.8416315,-7206.70206509,1770.02409865,-0.00335943332266,1.25516920899,0.848937828694,3.50843198234,0.0150111484017,0.473811315232,-3020.04232229
-1660.5044578,-0.00411375585756,0.012323958295,0.0,9,170,-2717.75014321,-11508.9936776,3749.59980118,-0.00411375585756,1.25516920899,0.848937828694,3.50843198234,0.012323958295,0.658214726074,-5032.1803163
-991.71527611,-0.000226293039768,0.0100073184872,0.00366849990134,8,171,-1780.63966386,-6022.37844764,1631.41278105,0.00344220686157,1.25516920899,0.848937828694,3.50843198234,0.00991199558469,0.489222876154,-2752.66907161
-1883.35954645,-0.00868207271865,0.0124456977142,0.0,8,172,-3392.82894253,-12254.464205,4011.22075794,-0.00868207271865,1.25580853205,0.84948074776,3.51067572099,0.0124456977142,0.625739014902,-6284.35877723
-765.838782938,-0.000742988499315,0.0147330102898,0.0,11,173,-2017.63009977,-12132.9947364,3358.07418368,-0.000742988499315,1.25580853205,0.84948074776,3.51067572099,0.0147330102898,0.529288222537,-3924.0436096
-445.661906581,-0.00774946027382,0.0125634283155,0.0,9,174,-3330.78857885,-16959.4520955,5967.91685211,-0.00774946027382,1.25580853205,0.84948074776,3.51067572099,0.0125634283155,0.615586497583,-6177.20958004
-653.019778879,-0.00150088077895,0.0122397832463,0.0,9,175,-3338.56857144,-14155.3932141,4129.20784899,-0.00150088077895,1.25580853205,0.84948074776,3.51067572099,0.0122397832463,0.582908282806,-6281.6134636
-753.315258294,-7.87169606332e-05,0.0124758088654,0.0,10,176,-2797.82151921,-11034.1455348,3621.44846888,-7.87169606332e-05,1.25580853205,0.84948074776,3.51067572099,0.0124758088654,0.535602630032,-4837.73381532
-2319.20182378,-0.00255440194857,0.0139482843708,0.0,9,177,-2801.2158722,-16089.3870787,3962.54729117,-0.00255440194857,1.25580853205,0.84948074776,3.51067572099,0.0139482843708,0.637468822736,-5259.2490732
-794.95803453,0.0076284188505,0.0152693743259,0.0,10,178,-3008.82304291,-15924.1593885,4493.3245387,0.0076284188505,1.25580853205,0.84948074776,3.51067572099,0.0152693743259,0.667160973754,-6153.18793445
-701.556733759,-0.00846687252632,0.0114167210312,0.0,9,179,-2253.64902301,-5937.73836402,1748.84122656,-0.00846687252632,1.25580853205,0.84948074776,3.51067572099,0.0114167210312,0.463437303945,-3888.5443222
-854.314097132,-0.00478917934526,0.0110624679429,0.0,9,180,-1730.10685414,-8565.74782409,2184.01225459,-0.00478917934526,1.25580853205,0.84948074776,3.51067572099,0.0110624679429,0.686795701666,-2793.46976715
-1389.99107562,-0.0085305450826,0.0119654728401,0.0,10,181,-2904.86732743,-11199.7844872,3125.68759788,-0.0085305450826,1.25580853205,0.84948074776,3.51067572099,0.0119654728401,0.744043457763,-4875.98553193
-1265.29147534,-0.00728900021041,0.0133083699124,0.0,10,182,-2156.97249253,-12586.0589995,3789.29942992,-0.00728900021041,1.25580853205,0.84948074776,3.51067572099,0.0133083699124,0.531245905548,-4348.38750154
-1746.67264571,-0.00443676189159,0.0123107325234,0.0,8,183,-2214.30978691,-12659.0106738,3425.82101004,-0.00443676189159,1.25580853205,0.84948074776,3.51067572099,0.0123107325234,0.556808942499,-4782.6110542
-810.294173433,-0.00293872152604,0.0123657027813,0.0,10,184,-2827.07254334,-19331.8733572,5417.5939721,-0.00293872152604,1.25580853205,0.84948074776,3.51067572099,0.0123657027813,0.631636328431,-5782.83766069
-2130.07526955,-0.000276744636051,0.0124205349184,0.0,10,185,-2557.67206385,-10360.751735,2720.94648396,-0.000276744636051,1.25580853205,0.84948074776,3.51067572099,0.0124205349184,0.479394168274,-4761.75938016
-1319.47635271,-0.00313689349009,0.0132697775018,0.0,9,186,-2455.89313692,-20073.4834515,5721.22187662,-0.00313689349009,1.25580853205,0.84948074776,3.51067572099,0.0132697775018,0.609238545401,-4688.99723741
-736.391993803,-0.00859034280091,0.0151988084646,0.0,11,187,-2585.86938652,-21159.3079423,5760.06756155,-0.00859034280091,1.25580853205,0.84948074776,3.51067572099,0.0151988084646,0.705214009228,-4932.0256107
-1300.12625314,0.00561716700298,0.0147912022859,0.0,10,188,-1731.14289856,-8144.24622212,1865.43414089,0.00561716700298,1.25580853205,0.84948074776,3.51067572099,0.0147912022859,0.263626660016,-3147.49650796
-989.616208971,-0.00445042434768,0.0118807897981,0.0,9,189,-2853.1603054,-14501.0305725,3930.05998941,-0.00445042434768,1.25580853205,0.84948074776,3.51067572099,0.0118807897981,0.632255753641,-5323.13194413
-1126.28162695,0.00979873795644,0.0141137961134,0.0,10,190,-2531.18408113,-9695.38019772,3356.20214178,0.00979873795644,1.25580853205,0.84948074776,3.51067572099,0.0141137961134,0.59562809267,-5467.74090886
-844.689065311,-0.00837337256406,0.0134703112967,0.0,10,191,-1943.66679481,-7433.20421206,2181.98692289,-0.00837337256406,1.25580853205,0.84948074776,3.51067572099,0.0134703112967,0.455970271646,-3695.03060222
-1360.64955335,0.00118187901831,0.0145691452991,0.0,10,192,-1377.52825071,-4489.47318549,986.704352054,0.00118187901831,1.25580853205,0.84948074776,3.51067572099,0.0145691452991,0.51685411838,-2647.58629783
-583.932128349,-0.00482814111334,0.0111935047607,0.0,9,193,-1883.40416712,-7606.46734849,2087.34462311,-0.00482814111334,1.25580853205,0.84948074776,3.51067572099,0.0111935047607,0.667905667063,-3169.87374385
-1465.82438067,0.000303911015498,0.0163935612603,0.0,12,194,-2315.0640505,-7487.04095067,2122.34597234,0.000303911015498,1.25580853205,0.84948074776,3.51067572099,0.0163935612603,0.577971454998,-4638.40210578
-660.855144058,-0.00374481414506,0.0131455609224,0.0,10,195,-2203.6618732,-17431.9729052,4855.70330724,-0.00374481414506,1.25580853205,0.84948074776,3.51067572099,0.0131455609224,0.439464274335,-4170.49222436
-569.174275652,-0.0069218242907,0.0126427004076,0.0,9,196,-3356.09430429,-15468.5179941,4666.95927927,-0.0069218242907,1.25580853205,0.84948074776,3.51067572099,0.0126427004076,0.749443728146,-5791.53017577
-1223.06038806,0.0034107319209,0.0129301486459,0.0,10,197,-2195.00767142,-10260.1411498,2669.10526132,0.0034107319209,1.25580853205,0.84948074776,3.51067572099,0.0129301486459,0.551814015325,-3910.03716291
-1473.72407369,0.00127000639432,0.0130637963844,0.0,9,198,-2303.04741081,-9603.65731207,3044.77129744,0.00127000639432,1.25580853205,0.84948074776,3.51067572099,0.0130637963844,0.677708124041,-4507.81021116
-1278.48767957,-0.00185389891979,0.0114233086367,0.0,9,199,-2133.89736919,-10727.2050118,2872.23145199,-0.00185389891979,1.25580853205,0.84948074776,3.51067572099,0.0114233086367,0.682640023177,-3700.8284123
-623.911066879,-0.0100651345667,0.0138990696203,0.0,10,200,-2445.78433809,-13117.8111963,3980.15842767,-0.0100651345667,1.25580853205,0.84948074776,3.51067572099,0.0138990696203,0.577034286013,-5555.54818766
-1422.93035133,-0.00548681256922,0.013280074621,0.0,10,201,-1730.65955392,-5573.80734027,1279.69287996,-0.00548681256922,1.25580853205,0.84948074776,3.51067572099,0.013280074621,0.381214209949,-3145.09241224
-1101.82091828,0.00281594963362,0.0145141015636,0.0,10,202,-1533.95991705,-5105.30680356,1307.66640926,0.00281594963362,1.25580853205,0.84948074776,3.51067572099,0.0145141015636,0.639318200774,-2765.64736666
-881.143193035,-0.00155474384039,0.0157524812354,0.0,11,203,-1784.5536362,-10126.3160991,3140.88906748,-0.00155474384039,1.25580853205,0.84948074776,3.51067572099,0.0157524812354,0.430931698396,-3686.12063408
-1453.16340516,-0.00843977828583,0.0132953673805,0.0,9,204,-3642.06005275,-22722.9769209,7362.59170072,-0.00843977828583,1.25580853205,0.84948074776,3.51067572099,0.0132953673805,0.570562559564,-7221.73248733
-2121.8765962,-0.000499735835953,0.0148234147526,0.0,9,205,-2383.00233904,-12574.6879436,3668.32884311,-0.000499735835953,1.25580853205,0.84948074776,3.51067572099,0.0148234147526,0.506661639822,-4683.80490527
-552.022738612,-0.00423773717724,0.0150810497294,0.0,10,206,-2385.93972232,-12545.878421,3833.1003983,-0.00423773717724,1.25580853205,0.84948074776,3.51067572099,0.0150810497294,0.718941579493,-4253.02023689
-687.409244554,-0.00634436810707,0.0111230449607,0.0,9,207,-2343.4561688,-14042.6193265,4248.36466995,-0.00634436810707,1.25580853205,0.84948074776,3.51067572099,0.0111230449607,0.68822512846,-4154.39476965
-830.928267675,-0.00233302464469,0.0144812891621,0.0,12,208,-2038.61386173,-8231.12534416,2424.00758179,-0.00233302464469,1.25580853205,0.84948074776,3.51067572099,0.0144812891621,0.679365269963,-3356.03568222
-859.343751684,0.00329241604571,0.0152939227015,0.0,10,209,-1982.71747956,-12017.6372069,3750.75485533,0.00329241604571,1.25580853205,0.84948074776,3.51067572099,0.0152939227015,0.38050122327,-5030.52858315
-644.50370632,-0.00278619867327,0.0121777102485,0.0,9,210,-1712.38708986,-10488.5127768,3007.46146164,-0.00278619867327,1.25580853205,0.84948074776,3.51067572099,0.0121777102485,0.458847282492,-3514.3806926
-1084.27017473,-0.00311164287228,0.0155549653507,0.0,12,211,-3022.77645113,-18821.9647821,5240.80185573,-0.00311164287228,1.25580853205,0.84948074776,3.51067572099,0.0155549653507,0.590941393078,-5421.42121363
-739.419268218,0.0106115435642,0.0159876913074,0.0,11,212,-2070.33483013,-23901.5133162,6400.33360286,0.0106115435642,1.25580853205,0.84948074776,3.51067572099,0.0159876913074,0.407998452559,-5009.16333427
-891.933026715,-0.0029094150248,0.014447355042,0.0,10,213,-2503.07546682,-14552.9949079,4362.46779814,-0.0029094150248,1.25580853205,0.84948074776,3.51067572099,0.014447355042,0.532640354727,-5552.77400708
-1204.31646901,-0.00883617248224,0.0137090256735,0.0,10,214,-2714.39798263,-8856.33358131,2348.5641783,-0.00883617248224,1.25580853205,0.84948074776,3.51067572099,0.0137090256735,0.658989389245,-4830.21563318
-794.684373597,0.00130996270297,0.0139041037231,0.0,9,215,-3274.53492834,-19847.8280192,5895.89099195,0.00130996270297,1.25580853205,0.84948074776,3.51067572099,0.0139041037231,0.575053134385,-7126.25420175
-1262.63698691,-0.000206813267149,0.0132819437246,0.0,9,216,-2800.46885062,-15734.2819444,5311.15809771,-0.000206813267149,1.25580853205,0.84948074776,3.51067572099,0.0132819437246,0.660919922116,-6024.46258788
-1034.38462764,0.00244299049754,0.0134726108098,0.0,9,217,-2597.693695,-15382.2825822,4083.52740729,0.00244299049754,1.25580853205,0.84948074776,3.51067572099,0.0134726108098,0.546096253613,-4721.77496099
-1700.18841469,0.00833872080513,0.0141332252827,0.0,10,218,-1991.6767753,-10006.0530353,2842.39756793,0.00833872080513,1.25580853205,0.84948074776,3.51067572099,0.0141332252827,0.391951717887,-4373.02389223
-1364.84139101,-0.00233092685771,0.0144466462784,0.0,11,219,-1820.31722364,-5498.03403157,1556.85315921,-0.00233092685771,1.25580853205,0.84948074776,3.51067572099,0.0144466462784,0.50623406127,-3368.86222158
-839.114101408,-0.00441962254797,0.0152883459872,0.0,9,220,-2433.04116271,-15369.3104396,4046.61763525,-0.00441962254797,1.25580853205,0.84948074776,3.51067572099,0.0152883459872,0.41749748938,-5444.36710819
-1187.32693751,-0.0090493712324,0.0137178564339,0.0,10,221,-3016.97343589,-16240.6748839,4219.50007031,-0.0090493712324,1.25580853205,0.84948074776,3.51067572099,0.0137178564339,0.668429019796,-5553.74009015
-1662.83612369,-0.000655664219609,0.0141821405019,0.0,9,222,-2266.25118883,-9419.05708935,2814.6889515,-0.000655664219609,1.25580853205,0.84948074776,3.51067572099,0.0141821405019,0.369075102019,-5220.01519173
-926.91962339,0.00202930522313,0.0119667237831,0.0,10,223,-2254.80053413,-11956.2943728,3107.92262443,0.00202930522313,1.25580853205,0.84948074776,3.51067572099,0.0119667237831,0.678060131839,-3647.58654657
-1231.22048549,-0.00349891029503,0.0138641042066,0.0,9,224,-3175.44640515,-19127.7820538,5361.0661694,-0.00349891029503,1.25580853205,0.84948074776,3.51067572099,0.0138641042066,0.661966013104,-6644.86320196
-976.683815384,0.0112523970648,0.0129152405788,0.0,11,225,-1772.28417166,-10187.8328794,2603.1100156,0.0112523970648,1.25580853205,0.84948074776,3.51067572099,0.0129152405788,0.263567863451,-3397.32760376
-1826.50643228,0.00758345768166,0.0138552973968,0.0,9,226,-2581.45132689,-9694.41424144,2496.53722536,0.00758345768166,1.25580853205,0.84948074776,3.51067572099,0.0138552973968,0.650715208255,-4808.39323079
-825.97225692,-0.00154005195181,0.0129919906259,0.0,9,227,-1842.436867,-18970.6033241,5305.70517561,-0.00154005195181,1.25580853205,0.84948074776,3.51067572099,0.0129919906259,0.339493846791,-4884.10552347
-967.283167818,-0.0044797574802,0.0132877718031,0.0,10,228,-2219.72651527,-10842.6675579,2972.48674905,-0.0044797574802,1.25580853205,0.84948074776,3.51067572099,0.0132877718031,0.487768856451,-3913.14353003
-1388.40805031,-0.00324093152582,0.0147373724315,0.0,10,229,-2525.83127244,-12709.1958128,4271.73650316,-0.00324093152582,1.25580853205,0.84948074776,3.51067572099,0.0147373724315,0.58442201589,-5749.83220663
-839.279759732,0.00230913365256,0.0132587336538,0.0,11,230,-1691.53313752,-9612.2707269,2431.34893953,0.00230913365256,1.25580853205,0.84948074776,3.51067572099,0.0132587336538,0.563953561451,-2858.8165488
-669.801289036,0.00406933822978,0.0129032545974,0.0,9,231,-2214.71571599,-8464.6817515,2143.254883,0.00406933822978,1.25580853205,0.84948074776,3.51067572099,0.0129032545974,0.779287384625,-3758.65657813
-854.048596537,-0.0073402038319,0.0155266202197,0.0,11,232,-1999.26888959,-9158.55115004,2521.37336176,-0.0073402038319,1.25580853205,0.84948074776,3.51067572099,0.0155266202197,0.727577455734,-3379.10948928
-617.876590143,-0.0122606571102,0.0158499302535,0.0,10,233,-2655.81793503,-15055.1268068,4426.19749263,-0.0122606571102,1.25580853205,0.84948074776,3.51067572099,0.0158499302535,0.488315481582,-6320.52159634
-2101.18208922,-0.00217833837622,0.0120885894006,0.0,9,234,-2342.75860157,-6548.86604776,1243.31163716,-0.00217833837622,1.25580853205,0.84948074776,3.51067572099,0.0120885894006,0.510061345809,-4543.66221839
-935.008665134,0.00517577099196,0.0149050337428,0.0,10,235,-2089.27531217,-11586.8306222,3414.67812489,0.00517577099196,1.25580853205,0.84948074776,3.51067572099,0.0149050337428,0.376485639089,-5036.94013663
-950.967563735,-0.00824905003654,0.0120457020542,0.0,9,236,-2489.65658963,-9073.6777561,2637.48773818,-0.00824905003654,1.25580853205,0.84948074776,3.51067572099,0.0120457020542,0.732726316923,-4144.3095934
-1160.70837976,-0.00189274408382,0.0148962441125,0.0,11,237,-2352.25741173,-6795.9297583,2098.84305551,-0.00189274408382,1.25580853205,0.84948074776,3.51067572099,0.0148962441125,0.789031597086,-4001.4249788
-1147.36027152,-0.000777202393249,0.0169407316228,0.0,11,238,-1760.6492813,-13558.6460748,3971.32528152,-0.000777202393249,1.25580853205,0.84948074776,3.51067572099,0.0169407316228,0.422847565477,-4028.10068342
-1522.39993049,-0.00604380075651,0.0118765912994,0.0,9,239,-3270.15447638,-21885.393927,6525.29290721,-0.00604380075651,1.25580853205,0.84948074776,3.51067572099,0.0118765912994,0.496782772091,-7409.54747627
-1902.68853067,-0.00978052791383,0.0120442174312,0.0,8,240,-3148.17885025,-16162.8812284,4333.76346239,-0.00978052791383,1.25580853205,0.84948074776,3.51067572099,0.0120442174312,0.646829041304,-6297.03767184
-684.98775382,-5.28938522851e-05,0.0130492663176,0.0,11,241,-1511.45425006,-5328.87216432,1567.18186415,-5.28938522851e-05,1.25580853205,0.84948074776,3.51067572099,0.0130492663176,-0.000785414793838,-2407.02702249
-594.494848142,-0.0327129423617,0.0119492728914,0.0,9,242,-1612.73553175,-9032.39463655,3054.10012248,-0.0327129423617,1.25580853205,0.84948074776,3.51067572099,0.0119492728914,0.600201121248,-3365.93988103
-1617.73495812,0.039702416082,0.0124051783523,0.0,9,243,-3054.04862916,-15990.7795794,5025.41452513,0.039702416082,1.25580853205,0.84948074776,3.51067572099,0.0124051783523,0.644711894729,-6090.67240894
-843.473611168,-0.00237765851677,0.0108493106823,0.0,8,244,-2110.70944668,-8372.04733206,2709.94036585,-0.00237765851677,1.25580853205,0.84948074776,3.51067572099,0.0108493106823,0.579372767536,-3477.61103491
-568.402631492,-0.00337546018617,0.0125267252307,0.0,9,245,-1749.19506504,-6815.1540971,1826.39736482,-0.00337546018617,1.25580853205,0.84948074776,3.51067572099,0.0125267252307,0.684886077823,-3133.26494423
-1786.59904642,-0.00415572562751,0.0138482222464,0.0,9,246,-2607.79464085,-14357.006095,3648.21471737,-0.00415572562751,1.25580853205,0.84948074776,3.51067572099,0.0138482222464,0.621622398821,-4947.80452877
-880.438450981,-0.0045501824978,0.0124433101426,0.0,9,247,-2633.40764883,-14069.3032311,4372.56190615,-0.0045501824978,1.25580853205,0.84948074776,3.51067572099,0.0124433101426,0.628523302569,-5528.86098349
-1490.99652866,-0.0190620577637,0.0186270861526,0.0,9,248,-1466.96359367,-16930.6650368,4656.51898501,-0.0190620577637,1.25580853205,0.84948074776,3.51067572099,0.0186270861526,0.0220508922829,-4308.04812333
-1251.02607605,-0.00269044003626,0.0109935977039,0.0,8,249,-2857.71835338,-16328.4564957,4720.27510989,-0.00269044003626,1.25580853205,0.84948074776,3.51067572099,0.0109935977039,0.497949866737,-5824.93839365
-703.363550218,-0.00248744764012,0.012685905817,0.0,9,250,-2947.39356644,-14250.5347735,4384.97869212,-0.00248744764012,1.25580853205,0.84948074776,3.51067572099,0.012685905817,0.680958779827,-5792.65941661
-793.11340645,0.00446483663899,0.0130755706921,0.0,9,251,-1797.66011594,-15689.1932875,4451.76759944,0.00446483663899,1.25580853205,0.84948074776,3.51067572099,0.0130755706921,0.533407141202,-4070.92027949
-1584.5349188,-0.00981752901468,0.0127163184449,0.0,9,252,-3541.11635535,-15899.8885496,5011.05446131,-0.00981752901468,1.25580853205,0.84948074776,3.51067572099,0.0127163184449,0.680623883589,-6937.95725401
-947.931923156,0.000582942082609,0.0170067951125,0.0,11,253,-1464.58905038,-5862.6981767,1298.8106694,0.000582942082609,1.25580853205,0.84948074776,3.51067572099,0.0170067951125,-0.82156851749,-2751.28794239
-822.166092163,0.0116282516809,0.0149390979024,0.0,10,254,-1644.56802365,-5642.29696806,1583.15206276,0.0116282516809,1.25580853205,0.84948074776,3.51067572099,0.0149390979024,0.679065976,-3066.86348727
-1113.96482339,-0.00738417273819,0.0117542846549,0.0,9,255,-2988.35942286,-12754.5784134,3307.82838255,-0.00738417273819,1.25580853205,0.84948074776,3.51067572099,0.0117542846549,0.638124609722,-5435.26816926
-1181.76018793,0.00622935466979,0.0129103219133,0.0,10,256,-1428.80376357,-5076.06643573,1309.23595694,0.00622935466979,1.25580853205,0.84948074776,3.51067572099,0.0129103219133,-0.111516984573,-2699.5930398
-974.899432133,-0.0045435077992,0.0125689188962,0.0,9,257,-2248.12210129,-11677.9002074,2993.43733,-0.0045435077992,1.25580853205,0.84948074776,3.51067572099,0.0125689188962,0.526149667719,-4408.95414127
-972.791426104,-0.00974804844119,0.0125318112396,0.0,8,258,-2974.20185282,-9132.13747712,2940.95050194,-0.00974804844119,1.25580853205,0.84948074776,3.51067572099,0.0125318112396,0.693838808137,-5786.45086723
-1132.0633946,0.0153053782003,0.0153726503109,0.0,10,259,-2535.58625088,-15550.6826952,4520.58171144,0.0153053782003,1.25580853205,0.84948074776,3.51067572099,0.0153726503109,0.630371591077,-5217.59627625
-732.026600438,-0.000190066960123,0.0129504802921,0.0,8,260,-1837.91954713,-8625.2562414,2406.31192158,-0.000190066960123,1.25580853205,0.84948074776,3.51067572099,0.0129504802921,0.42698388846,-4027.33403361
-816.712172978,-0.00946283539977,0.0141809421384,0.0,10,261,-2165.51764488,-22522.1199863,6147.94077993,-0.00946283539977,1.25580853205,0.84948074776,3.51067572099,0.0141809421384,0.489502740749,-4517.46777513
-712.48780048,0.00128019281966,0.0147305345354,0.0,9,262,-1767.26753902,-11285.1605742,3195.67892718,0.00128019281966,1.25580853205,0.84948074776,3.51067572099,0.0147305345354,0.442424708974,-3578.59112482
-1347.75347671,-0.00655780729558,0.0150639047279,0.0,10,263,-1983.19885351,-9049.0873211,2207.69160928,-0.00655780729558,1.25580853205,0.84948074776,3.51067572099,0.0150639047279,0.472487386164,-4190.72826466
-1033.13993061,0.00395497446142,0.0172263538257,0.0,11,264,-1338.02362076,-7917.62242765,2030.63053618,0.00395497446142,1.25580853205,0.84948074776,3.51067572099,0.0172263538257,0.1088625719,-2483.70119152
-578.976762525,-0.00956961718748,0.0184768646333,0.0,13,265,-1502.41703183,-10337.515524,2511.15036606,-0.00956961718748,1.25580853205,0.84948074776,3.51067572099,0.0184768646333,0.529246340838,-2717.87162238
-1509.32478143,-0.00370564725655,0.013172628013,0.0,9,266,-2275.69348152,-15203.6253104,4219.15676847,-0.00370564725655,1.25580853205,0.84948074776,3.51067572099,0.013172628013,0.351379051471,-4901.73577431
-1190.26582224,0.000657548947773,0.0133694824627,0.0,9,267,-3058.39929056,-17456.9887287,5702.92093892,0.000657548947773,1.25580853205,0.84948074776,3.51067572099,0.0133694824627,0.480993741337,-7020.7664207
-2704.6735705,-0.00232911658628,0.0126106829492,0.0,9,268,-3181.30607177,-10157.9968918,2263.18659555,-0.00232911658628,1.25580853205,0.84948074776,3.51067572099,0.0126106829492,0.673272568526,-5798.38127654
-576.535373383,-0.00756113052888,0.012697688934,0.0,10,269,-2563.83770319,-18810.8474299,5211.8197959,-0.00756113052888,1.25580853205,0.84948074776,3.51067572099,0.012697688934,0.572622220384,-4928.01567425
-873.402525912,-0.00938280276914,0.0138016937976,0.0,9,270,-2212.40076144,-9085.87630661,2711.62990401,-0.00938280276914,1.25580853205,0.84948074776,3.51067572099,0.0138016937976,0.508002513032,-4119.88132647
-786.138527725,-0.00998630576268,0.0150501393884,0.0,11,271,-2084.63725756,-15291.7558131,5146.01315333,-0.00998630576268,1.25580853205,0.84948074776,3.51067572099,0.0150501393884,0.563002775548,-4457.7004119
-488.901918196,-0.00813870689195,0.0118273155197,0.0,9,272,-2302.00691107,-14981.2435927,4155.34562533,-0.00813870689195,1.25580853205,0.84948074776,3.51067572099,0.0118273155197,0.662439126416,-4048.44489793
-764.683573823,-0.000341410786603,0.0125277067679,0.0,8,273,-4172.97807776,-15392.6227957,5290.92736691,-0.000341410786603,1.25580853205,0.84948074776,3.51067572099,0.0125277067679,0.688515191692,-8931.86027098
-967.675173515,-0.000876767112694,0.0121740597177,0.0,9,274,-2198.80951412,-11778.081853,3046.43432661,-0.000876767112694,1.25580853205,0.84948074776,3.51067572099,0.0121740597177,0.449323817474,-3838.64073791
-579.800927567,-0.00174746434973,0.0122106872422,0.0,10,275,-1587.31683887,-9645.56766316,2612.87723732,-0.00174746434973,1.25580853205,0.84948074776,3.51067572099,0.0122106872422,0.663149864241,-2740.89025344
-612.395339006,-0.00151969590585,0.0121582651927,0.0,10,276,-1624.38945402,-7498.36847415,1841.61142697,-0.00151969590585,1.25580853205,0.84948074776,3.51067572099,0.0121582651927,0.676877181364,-3028.49669487
-1674.36818875,0.0566890032372,0.0127125956816,0.0,9,277,-1969.4116634,-13286.149072,3510.09804932,0.0566890032372,1.25580853205,0.84948074776,3.51067572099,0.0127125956816,0.63775958175,-3717.46416572
-1200.52149668,0.0031459919251,0.014855564356,0.0,11,278,-2763.62956751,-19799.9066301,5019.07410786,0.0031459919251,1.25580853205,0.84948074776,3.51067572099,0.014855564356,0.678975139215,-5278.82296032
-579.440436955,-0.00407881512555,0.013771436737,0.0,10,279,-1666.58122712,-4438.39928915,1420.09334929,-0.00407881512555,1.25580853205,0.84948074776,3.51067572099,0.013771436737,-0.114107153233,-2683.56285754
-1437.64475633,-0.00699894785993,0.0120390204863,0.0,9,280,-3004.008737,-16590.8206265,4384.4087989,-0.00699894785993,1.25580853205,0.84948074776,3.51067572099,0.0120390204863,0.562078288109,-5601.63239263
-784.865537578,-0.000590946032184,0.0136381754595,0.0,10,281,-2396.34045275,-19955.5710213,5479.13758894,-0.000590946032184,1.25580853205,0.84948074776,3.51067572099,0.0136381754595,0.64193319125,-4859.95846282
-597.173318715,-0.00330214092174,0.0135600198379,0.0,11,282,-2490.06631731,-14020.5171668,3554.77213225,-0.00330214092174,1.25580853205,0.84948074776,3.51067572099,0.0135600198379,0.684163389729,-4501.90597118
-588.438842164,-0.000634866722862,0.0133236600446,0.0,10,283,-1691.43227481,-7166.39136529,2310.11949014,-0.000634866722862,1.25580853205,0.84948074776,3.51067572099,0.0133236600446,0.547233419103,-2701.88761522
-1044.8105003,0.00949784468313,0.0171781891617,0.0,10,284,-2307.60615887,-15412.8079126,4570.15277896,0.00949784468313,1.25580853205,0.84948074776,3.51067572099,0.0171781891617,0.561553052893,-5257.84280312
-573.977281009,0.0054578302274,0.0114968799509,0.0,9,285,-2493.70030075,-15000.4129376,4140.67757034,0.0054578302274,1.25580853205,0.84948074776,3.51067572099,0.0114968799509,0.688640596197,-4537.36902607
-715.077777111,0.00113327819057,0.0123043106836,0.0,9,286,-2393.41238047,-10093.9159577,2843.76882809,0.00113327819057,1.25580853205,0.84948074776,3.51067572099,0.0123043106836,0.733149912775,-3884.74339965
-755.830696818,-0.00430738385458,0.0135945690666,0.0,11,287,-2634.97746837,-17712.7510593,4649.01293394,-0.00430738385458,1.25580853205,0.84948074776,3.51067572099,0.0135945690666,0.664139291783,-4945.86889144
-1334.66010565,-0.00256883475991,0.0120340311819,0.0,9,288,-2427.99378266,-11706.4995006,3031.84889794,-0.00256883475991,1.25580853205,0.84948074776,3.51067572099,0.0120340311819,0.700705859917,-4454.31472426
-690.153184644,-0.00419199185146,0.0120374918117,0.0,8,289,-2434.24646839,-10330.3044954,2842.62479321,-0.00419199185146,1.25580853205,0.84948074776,3.51067572099,0.0120374918117,0.709647867409,-4346.12337213
-1522.79514555,0.00293049879082,0.0120845027889,0.0,10,290,-1931.72996152,-5534.41338254,1562.5300702,0.00293049879082,1.25580853205,0.84948074776,3.51067572099,0.0120845027889,0.712214541438,-3264.87674308
-684.693772148,-0.00730332463851,0.0124345368016,0.0,10,291,-2313.62686012,-18385.9883889,5029.66940767,-0.00730332463851,1.25580853205,0.84948074776,3.51067572099,0.0124345368016,0.572454289609,-4428.83644722
-812.782216351,-0.00353961778621,0.0131806167792,0.0,10,292,-2416.41513913,-11299.8958717,3424.9663307,-0.00353961778621,1.25580853205,0.84948074776,3.51067572099,0.0131806167792,0.644794092276,-4325.06944792
-782.953809528,-0.00935330132854,0.0156870568975,0.0,12,293,-1983.75079275,-15353.0314217,3875.39107298,-0.00935330132854,1.25580853205,0.84948074776,3.51067572099,0.0156870568975,0.663035961186,-3487.67032836
-1128.24616004,-0.0104632949944,0.0142537447745,0.0,11,294,-1952.06706705,-17097.3952443,4430.31721971,-0.0104632949944,1.25580853205,0.84948074776,3.51067572099,0.0142537447745,0.663809968284,-3974.40020608
-952.50435067,-0.00764304557111,0.0123944046497,0.0,8,295,-2986.93053292,-16899.4363842,4944.68152022,-0.00764304557111,1.25580853205,0.84948074776,3.51067572099,0.0123944046497,0.761436300269,-5540.23740042
-1405.78835206,-0.000153119023135,0.0136332886898,0.0,9,296,-2752.84743902,-11271.5424404,3154.59317287,-0.000153119023135,1.25580853205,0.84948074776,3.51067572099,0.0136332886898,0.691311512863,-5577.92164773
-1735.10555475,-0.00111006470001,0.0110517540992,0.0,9,297,-2740.64034101,-9636.01796259,2835.00106268,-0.00111006470001,1.25580853205,0.84948074776,3.51067572099,0.0110517540992,0.75923445699,-4892.1483297
-616.450181639,0.0069385842589,0.0123879307497,0.0,10,298,-1973.92228048,-9516.62731241,2631.20905825,0.0069385842589,1.25580853205,0.84948074776,3.51067572099,0.0123879307497,0.697485766916,-3546.8409424
-1474.78185795,-0.0113144058622,0.0135025900394,0.0,9,299,-1875.67783887,-12767.0060557,3408.23568966,-0.0113144058622,1.25580853205,0.84948074776,3.51067572099,0.0135025900394,0.485108784732,-3769.65789814
